maxfarms, p, MeanVariance, MeanSD, MeanCF, BiObj
20, 0.5, 0.05150208709000669, 0.22694071272031974, -0.6665657686751513, 0.3010281538719763
