maxfarms, p, MeanVariance, MeanSD, MeanCF, BiObj
5, 0.5, 0.053564220635935765, 0.23143945349904316, -0.6613286117436059, 0.31426998853871224
