maxfarms, p, MeanVariance, MeanSD, MeanCF, BiObj
20, 0.5, 0.04869039223345054, 0.22065899536037623, -0.6620478912091584, 0.28997322952558485
