maxfarms, p, MeanVariance, MeanSD, MeanCF, BiObj
20, 0.5, 0.04964308054359336, 0.22280727219638358, -0.6591978585025179, 0.28282134603457504
